row,phash_dist,side,image_a,image_b,subject_a,subject_b,is_duplicate_by_eye
0,6,counted_as_duplicate,713.Yaya_Urassayas_Sapoban/713 (3).jpg,713.Yaya_Urassayas_Sapoban/713 (93).jpg,713.Yaya_Urassayas_Sapoban,713.Yaya_Urassayas_Sapoban,
1,6,counted_as_duplicate,713.Yaya_Urassayas_Sapoban/713 (115).jpg,713.Yaya_Urassayas_Sapoban/713 (3).jpg,713.Yaya_Urassayas_Sapoban,713.Yaya_Urassayas_Sapoban,
2,6,counted_as_duplicate,001.ALI_HD/001 (113).jpg,368.Chetsadaphon_Phondi/368 (61).jpg,001.ALI_HD,368.Chetsadaphon_Phondi,
3,6,counted_as_duplicate,001.ALI_HD/001 (113).jpg,515.Au_Duong_Na_Na/515 (34).jpg,001.ALI_HD,515.Au_Duong_Na_Na,
4,6,counted_as_duplicate,001.ALI_HD/001 (161).jpg,122.Hua_Nguy_Chau/122 (220).jpg,001.ALI_HD,122.Hua_Nguy_Chau,
5,6,counted_as_duplicate,001.ALI_HD/001 (113).jpg,122.Hua_Nguy_Chau/122 (223).jpg,001.ALI_HD,122.Hua_Nguy_Chau,
6,6,counted_as_duplicate,001.ALI_HD/001 (113).jpg,122.Hua_Nguy_Chau/122 (269).jpg,001.ALI_HD,122.Hua_Nguy_Chau,
7,6,counted_as_duplicate,711.Woonsen_Wirithipha_Phakdiprasong/711 (40).jpg,711.Woonsen_Wirithipha_Phakdiprasong/711 (94).jpg,711.Woonsen_Wirithipha_Phakdiprasong,711.Woonsen_Wirithipha_Phakdiprasong,
8,6,counted_as_duplicate,002.LeDuong_BL/002 (180).jpg,484.Miu_L/484 (44).jpg,002.LeDuong_BL,484.Miu_L,
9,6,counted_as_duplicate,002.LeDuong_BL/002 (247).jpg,002.LeDuong_BL/002 (77).jpg,002.LeDuong_BL,002.LeDuong_BL,
10,6,counted_as_duplicate,001.ALI_HD/001 (169).jpg,059.Ngo_Kien_H/059 (20).jpg,001.ALI_HD,059.Ngo_Kien_H,
11,6,counted_as_duplicate,001.ALI_HD/001 (169).jpg,081.Thanh_D/081 (134).jpg,001.ALI_HD,081.Thanh_D,
12,6,counted_as_duplicate,001.ALI_HD/001 (169).jpg,368.Chetsadaphon_Phondi/368 (171).jpg,001.ALI_HD,368.Chetsadaphon_Phondi,
13,6,counted_as_duplicate,003.BD_Tran/003 (131).jpg,122.Hua_Nguy_Chau/122 (226).jpg,003.BD_Tran,122.Hua_Nguy_Chau,
14,6,counted_as_duplicate,003.BD_Tran/003 (131).jpg,124.Jeff_Chang/124 (163).jpg,003.BD_Tran,124.Jeff_Chang,
15,6,counted_as_duplicate,003.BD_Tran/003 (131).jpg,164.Tieu_Chien/164 (259).jpg,003.BD_Tran,164.Tieu_Chien,
16,6,counted_as_duplicate,003.BD_Tran/003 (131).jpg,366.Chaturong_Photharam/366 (179).jpg,003.BD_Tran,366.Chaturong_Photharam,
17,6,counted_as_duplicate,001.ALI_HD/001 (226).jpg,024.Gin_Tuan_K/024 (49).jpg,001.ALI_HD,024.Gin_Tuan_K,
18,6,counted_as_duplicate,003.BD_Tran/003 (132).jpg,355.Athit_Tang_Wibun_Phanit/355 (208).jpg,003.BD_Tran,355.Athit_Tang_Wibun_Phanit,
19,6,counted_as_duplicate,003.BD_Tran/003 (135).jpg,121.Hua_Khai/121 (71).jpg,003.BD_Tran,121.Hua_Khai,
20,6,counted_as_duplicate,003.BD_Tran/003 (135).jpg,130.Lai_Guan_Lin/130 (152).jpg,003.BD_Tran,130.Lai_Guan_Lin,
21,6,counted_as_duplicate,003.BD_Tran/003 (135).jpg,440.Wara_Kon_Sa_Sakon/440 (183).jpg,003.BD_Tran,440.Wara_Kon_Sa_Sakon,
22,6,counted_as_duplicate,003.BD_Tran/003 (138).jpg,278.EXO-Kai/278 (1).jpg,003.BD_Tran,278.EXO-Kai,
23,6,counted_as_duplicate,003.BD_Tran/003 (149).jpg,254.Beast_Yang_Yoseob/254 (83).jpg,003.BD_Tran,254.Beast_Yang_Yoseob,
24,6,counted_as_duplicate,003.BD_Tran/003 (160).jpg,549.Pho_Tinh/549 (28).jpg,003.BD_Tran,549.Pho_Tinh,
25,8,not_duplicate,102.Chau_Du_Dan/102 (159).jpg,210.Kato_Shigeaki/210 (28).jpg,102.Chau_Du_Dan,210.Kato_Shigeaki,
26,8,not_duplicate,102.Chau_Du_Dan/102 (159).jpg,209.Kanata_Hongo/209 (23).jpg,102.Chau_Du_Dan,209.Kanata_Hongo,
27,8,not_duplicate,102.Chau_Du_Dan/102 (159).jpg,203.Hideaki_Takizawa/203 (135).jpg,102.Chau_Du_Dan,203.Hideaki_Takizawa,
28,8,not_duplicate,102.Chau_Du_Dan/102 (159).jpg,218.masahiro_nakai/218 (131).jpg,102.Chau_Du_Dan,218.masahiro_nakai,
29,8,not_duplicate,713.Yaya_Urassayas_Sapoban/713 (121).jpg,713.Yaya_Urassayas_Sapoban/713 (126).jpg,713.Yaya_Urassayas_Sapoban,713.Yaya_Urassayas_Sapoban,
30,8,not_duplicate,713.Yaya_Urassayas_Sapoban/713 (120).jpg,713.Yaya_Urassayas_Sapoban/713 (75).jpg,713.Yaya_Urassayas_Sapoban,713.Yaya_Urassayas_Sapoban,
31,8,not_duplicate,713.Yaya_Urassayas_Sapoban/713 (127).jpg,713.Yaya_Urassayas_Sapoban/713 (67).jpg,713.Yaya_Urassayas_Sapoban,713.Yaya_Urassayas_Sapoban,
32,8,not_duplicate,713.Yaya_Urassayas_Sapoban/713 (2).jpg,713.Yaya_Urassayas_Sapoban/713 (93).jpg,713.Yaya_Urassayas_Sapoban,713.Yaya_Urassayas_Sapoban,
33,8,not_duplicate,713.Yaya_Urassayas_Sapoban/713 (167).jpg,713.Yaya_Urassayas_Sapoban/713 (33).jpg,713.Yaya_Urassayas_Sapoban,713.Yaya_Urassayas_Sapoban,
34,8,not_duplicate,713.Yaya_Urassayas_Sapoban/713 (164).jpg,713.Yaya_Urassayas_Sapoban/713 (28).jpg,713.Yaya_Urassayas_Sapoban,713.Yaya_Urassayas_Sapoban,
35,8,not_duplicate,712.Yam_Tantiprasut/712 (107).jpg,712.Yam_Tantiprasut/712 (44).jpg,712.Yam_Tantiprasut,712.Yam_Tantiprasut,
36,8,not_duplicate,711.Woonsen_Wirithipha_Phakdiprasong/711 (83).jpg,713.Yaya_Urassayas_Sapoban/713 (167).jpg,711.Woonsen_Wirithipha_Phakdiprasong,713.Yaya_Urassayas_Sapoban,
37,8,not_duplicate,712.Yam_Tantiprasut/712 (22).jpg,712.Yam_Tantiprasut/712 (53).jpg,712.Yam_Tantiprasut,712.Yam_Tantiprasut,
38,8,not_duplicate,001.ALI_HD/001 (1).jpg,140.Ly_Hien/140 (134).jpg,001.ALI_HD,140.Ly_Hien,
39,8,not_duplicate,001.ALI_HD/001 (1).jpg,134.Loc_Ham/134 (248).jpg,001.ALI_HD,134.Loc_Ham,
40,8,not_duplicate,711.Woonsen_Wirithipha_Phakdiprasong/711 (32).jpg,711.Woonsen_Wirithipha_Phakdiprasong/711 (56).jpg,711.Woonsen_Wirithipha_Phakdiprasong,711.Woonsen_Wirithipha_Phakdiprasong,
41,8,not_duplicate,711.Woonsen_Wirithipha_Phakdiprasong/711 (32).jpg,711.Woonsen_Wirithipha_Phakdiprasong/711 (40).jpg,711.Woonsen_Wirithipha_Phakdiprasong,711.Woonsen_Wirithipha_Phakdiprasong,
42,8,not_duplicate,711.Woonsen_Wirithipha_Phakdiprasong/711 (40).jpg,713.Yaya_Urassayas_Sapoban/713 (115).jpg,711.Woonsen_Wirithipha_Phakdiprasong,713.Yaya_Urassayas_Sapoban,
43,8,not_duplicate,711.Woonsen_Wirithipha_Phakdiprasong/711 (4).jpg,711.Woonsen_Wirithipha_Phakdiprasong/711 (91).jpg,711.Woonsen_Wirithipha_Phakdiprasong,711.Woonsen_Wirithipha_Phakdiprasong,
44,8,not_duplicate,001.ALI_HD/001 (1).jpg,156.Phung_Kien_Vu/156 (101).jpg,001.ALI_HD,156.Phung_Kien_Vu,
45,8,not_duplicate,001.ALI_HD/001 (1).jpg,149.Ngo_Kinh_Thien/149 (187).jpg,001.ALI_HD,149.Ngo_Kinh_Thien,
46,8,not_duplicate,711.Woonsen_Wirithipha_Phakdiprasong/711 (46).jpg,711.Woonsen_Wirithipha_Phakdiprasong/711 (50).jpg,711.Woonsen_Wirithipha_Phakdiprasong,711.Woonsen_Wirithipha_Phakdiprasong,
47,8,not_duplicate,711.Woonsen_Wirithipha_Phakdiprasong/711 (129).jpg,713.Yaya_Urassayas_Sapoban/713 (3).jpg,711.Woonsen_Wirithipha_Phakdiprasong,713.Yaya_Urassayas_Sapoban,
48,8,not_duplicate,711.Woonsen_Wirithipha_Phakdiprasong/711 (131).jpg,713.Yaya_Urassayas_Sapoban/713 (93).jpg,711.Woonsen_Wirithipha_Phakdiprasong,713.Yaya_Urassayas_Sapoban,
49,8,not_duplicate,711.Woonsen_Wirithipha_Phakdiprasong/711 (131).jpg,713.Yaya_Urassayas_Sapoban/713 (115).jpg,711.Woonsen_Wirithipha_Phakdiprasong,713.Yaya_Urassayas_Sapoban,
