row,cos,side,image_a,image_b,subject_a,subject_b,is_duplicate_by_eye
0,0.9510704,counted_as_duplicate,249.Beast_DooJoon/249 (71).jpg,249.Beast_DooJoon/249 (96).jpg,249.Beast_DooJoon,249.Beast_DooJoon,
1,0.9510284,counted_as_duplicate,164.Tieu_Chien/164 (245).jpg,164.Tieu_Chien/164 (249).jpg,164.Tieu_Chien,164.Tieu_Chien,
2,0.9509835,counted_as_duplicate,434.Thiti_Nan_Su_WanSak/434 (159).jpg,434.Thiti_Nan_Su_WanSak/434 (243).jpg,434.Thiti_Nan_Su_WanSak,434.Thiti_Nan_Su_WanSak,
3,0.9509466,counted_as_duplicate,192.Dang_Luan/192 (111).jpg,192.Dang_Luan/192 (447).jpg,192.Dang_Luan,192.Dang_Luan,
4,0.9509133,counted_as_duplicate,083.ThanhTr/083 (121).jpg,083.ThanhTr/083 (134).jpg,083.ThanhTr,083.ThanhTr,
5,0.9508941,counted_as_duplicate,132.Lam_Canh_Tan/132 (120).jpg,132.Lam_Canh_Tan/132 (86).jpg,132.Lam_Canh_Tan,132.Lam_Canh_Tan,
6,0.950889,counted_as_duplicate,151.Ngo_Loi/151 (119).jpg,151.Ngo_Loi/151 (125).jpg,151.Ngo_Loi,151.Ngo_Loi,
7,0.9508871,counted_as_duplicate,095.Tung_Dg/095 (154).jpg,095.Tung_Dg/095 (162).jpg,095.Tung_Dg,095.Tung_Dg,
8,0.95082015,counted_as_duplicate,484.Miu_L/484 (30).jpg,484.Miu_L/484 (31).jpg,484.Miu_L,484.Miu_L,
9,0.9508191,counted_as_duplicate,161.Tang_Thuan_Hy/161 (45).jpg,161.Tang_Thuan_Hy/161 (74).jpg,161.Tang_Thuan_Hy,161.Tang_Thuan_Hy,
10,0.9508077,counted_as_duplicate,172.Tran_Lap_Dong/172 (119).jpg,172.Tran_Lap_Dong/172 (29).jpg,172.Tran_Lap_Dong,172.Tran_Lap_Dong,
11,0.95074284,counted_as_duplicate,548.Pham_Bang_Bang/548 (10).jpg,548.Pham_Bang_Bang/548 (30).jpg,548.Pham_Bang_Bang,548.Pham_Bang_Bang,
12,0.95073986,counted_as_duplicate,338.Wannaone_LeeDaehwi/338 (50).jpg,338.Wannaone_LeeDaehwi/338 (57).jpg,338.Wannaone_LeeDaehwi,338.Wannaone_LeeDaehwi,
13,0.9507378,counted_as_duplicate,172.Tran_Lap_Dong/172 (118).jpg,172.Tran_Lap_Dong/172 (119).jpg,172.Tran_Lap_Dong,172.Tran_Lap_Dong,
14,0.9506916,counted_as_duplicate,092.TruonGNam_th/092 (108).jpg,092.TruonGNam_th/092 (139).jpg,092.TruonGNam_th,092.TruonGNam_th,
15,0.950585,counted_as_duplicate,055.Ly_Dich_P/055 (119).jpg,055.Ly_Dich_P/055 (124).jpg,055.Ly_Dich_P,055.Ly_Dich_P,
16,0.950498,counted_as_duplicate,002.LeDuong_BL/002 (255).jpg,002.LeDuong_BL/002 (89).jpg,002.LeDuong_BL,002.LeDuong_BL,
17,0.9504219,counted_as_duplicate,161.Tang_Thuan_Hy/161 (127).jpg,161.Tang_Thuan_Hy/161 (129).jpg,161.Tang_Thuan_Hy,161.Tang_Thuan_Hy,
18,0.95033824,counted_as_duplicate,101.Bosco/101 (109).jpg,101.Bosco/101 (256).jpg,101.Bosco,101.Bosco,
19,0.9502605,counted_as_duplicate,313.seventeen_joshua_-_Hong_Jisoo/313 (166).jpg,313.seventeen_joshua_-_Hong_Jisoo/313 (180).jpg,313.seventeen_joshua_-_Hong_Jisoo,313.seventeen_joshua_-_Hong_Jisoo,
20,0.95023656,counted_as_duplicate,448.Angela_Ba/448 (126).jpg,448.Angela_Ba/448 (82).jpg,448.Angela_Ba,448.Angela_Ba,
21,0.9502148,counted_as_duplicate,192.Dang_Luan/192 (620).jpg,192.Dang_Luan/192 (707).jpg,192.Dang_Luan,192.Dang_Luan,
22,0.9500203,counted_as_duplicate,493.Suzy/493 (60).jpg,493.Suzy/493 (73).jpg,493.Suzy,493.Suzy,
23,0.95001876,counted_as_duplicate,299.kim_jong_kook-Kim_Jong_Kook_files/299 (15).jpg,299.kim_jong_kook-Kim_Jong_Kook_files/299 (58).jpg,299.kim_jong_kook-Kim_Jong_Kook_files,299.kim_jong_kook-Kim_Jong_Kook_files,
24,0.9500007,counted_as_duplicate,132.Lam_Canh_Tan/132 (121).jpg,132.Lam_Canh_Tan/132 (157).jpg,132.Lam_Canh_Tan,132.Lam_Canh_Tan,
25,0.9499876,not_duplicate,172.Tran_Lap_Dong/172 (136).jpg,172.Tran_Lap_Dong/172 (96).jpg,172.Tran_Lap_Dong,172.Tran_Lap_Dong,
26,0.9499787,not_duplicate,344.Wannnaone_Jinyoung/344 (203).jpg,344.Wannnaone_Jinyoung/344 (304).jpg,344.Wannnaone_Jinyoung,344.Wannnaone_Jinyoung,
27,0.9499516,not_duplicate,161.Tang_Thuan_Hy/161 (48).jpg,161.Tang_Thuan_Hy/161 (74).jpg,161.Tang_Thuan_Hy,161.Tang_Thuan_Hy,
28,0.9499342,not_duplicate,134.Loc_Ham/134 (132).jpg,134.Loc_Ham/134 (239).jpg,134.Loc_Ham,134.Loc_Ham,
29,0.9499199,not_duplicate,695.Ploy_Chermarn_Boonyasak/695 (122).jpg,695.Ploy_Chermarn_Boonyasak/695 (40).jpg,695.Ploy_Chermarn_Boonyasak,695.Ploy_Chermarn_Boonyasak,
30,0.94987833,not_duplicate,305.Nuest_KimjongHyun/305 (88).jpg,305.Nuest_KimjongHyun/305 (92).jpg,305.Nuest_KimjongHyun,305.Nuest_KimjongHyun,
31,0.9497939,not_duplicate,108.Co_Thien_Lac/108 (222).jpg,108.Co_Thien_Lac/108 (224).jpg,108.Co_Thien_Lac,108.Co_Thien_Lac,
32,0.9497641,not_duplicate,320.Shinee_key/320 (22).jpg,320.Shinee_key/320 (25).jpg,320.Shinee_key,320.Shinee_key,
33,0.9497093,not_duplicate,463.Kim_Hye_S/463 (104).jpg,463.Kim_Hye_S/463 (24).jpg,463.Kim_Hye_S,463.Kim_Hye_S,
34,0.9496116,not_duplicate,696.Pokchat_Thiamchai/696 (50).jpg,696.Pokchat_Thiamchai/696 (54).jpg,696.Pokchat_Thiamchai,696.Pokchat_Thiamchai,
35,0.9496014,not_duplicate,010.Chu_B/010 (193).jpg,010.Chu_B/010 (194).jpg,010.Chu_B,010.Chu_B,
36,0.9494297,not_duplicate,448.Angela_Ba/448 (16).jpg,448.Angela_Ba/448 (20).jpg,448.Angela_Ba,448.Angela_Ba,
37,0.94941974,not_duplicate,172.Tran_Lap_Dong/172 (13).jpg,172.Tran_Lap_Dong/172 (164).jpg,172.Tran_Lap_Dong,172.Tran_Lap_Dong,
38,0.9493999,not_duplicate,183.Viem_A_Luan/183 (27).jpg,183.Viem_A_Luan/183 (30).jpg,183.Viem_A_Luan,183.Viem_A_Luan,
39,0.9493928,not_duplicate,559.Tran_Kieu_An/559 (92).jpg,559.Tran_Kieu_An/559 (97).jpg,559.Tran_Kieu_An,559.Tran_Kieu_An,
40,0.9493797,not_duplicate,161.Tang_Thuan_Hy/161 (44).jpg,161.Tang_Thuan_Hy/161 (49).jpg,161.Tang_Thuan_Hy,161.Tang_Thuan_Hy,
41,0.9493577,not_duplicate,457.Go_Joon_H/457 (121).jpg,457.Go_Joon_H/457 (152).jpg,457.Go_Joon_H,457.Go_Joon_H,
42,0.9493278,not_duplicate,096.Ung_DaiV/096 (35).jpg,096.Ung_DaiV/096 (9).jpg,096.Ung_DaiV,096.Ung_DaiV,
43,0.94931006,not_duplicate,109.Dimash_Kudaibergen/109 (113).jpg,109.Dimash_Kudaibergen/109 (16).jpg,109.Dimash_Kudaibergen,109.Dimash_Kudaibergen,
44,0.9492698,not_duplicate,016.Dang_L/016 (124).jpg,016.Dang_L/016 (126).jpg,016.Dang_L,016.Dang_L,
45,0.9492675,not_duplicate,140.Ly_Hien/140 (137).jpg,140.Ly_Hien/140 (194).jpg,140.Ly_Hien,140.Ly_Hien,
46,0.94918615,not_duplicate,344.Wannnaone_Jinyoung/344 (138).jpg,344.Wannnaone_Jinyoung/344 (271).jpg,344.Wannnaone_Jinyoung,344.Wannnaone_Jinyoung,
47,0.949186,not_duplicate,016.Dang_L/016 (22).jpg,016.Dang_L/016 (74).jpg,016.Dang_L,016.Dang_L,
48,0.94916534,not_duplicate,348.AenNa_ChuanChuen/348 (104).jpg,348.AenNa_ChuanChuen/348 (30).jpg,348.AenNa_ChuanChuen,348.AenNa_ChuanChuen,
49,0.94914913,not_duplicate,123.Jackson/123 (100).jpg,123.Jackson/123 (90).jpg,123.Jackson,123.Jackson,
