subject,order,gender,gender_source,n_images
001.ALI_HD,0,M,folder_order(male_count=446),286
002.LeDuong_BL,1,M,folder_order(male_count=446),300
003.BD_Tran,2,M,folder_order(male_count=446),205
004.Binz,3,M,folder_order(male_count=446),213
005.Bui_AT,4,M,folder_order(male_count=446),200
006.Chau_GK,5,M,folder_order(male_count=446),187
007.Chau_KP,6,M,folder_order(male_count=446),190
008.Chi_D,7,M,folder_order(male_count=446),200
009.Chi_Th,8,M,folder_order(male_count=446),212
010.Chu_B,9,M,folder_order(male_count=446),200
011.Cong_To,10,M,folder_order(male_count=446),160
012.Dai_Nhan,11,M,folder_order(male_count=446),250
013.Dam_Vinh_H,12,M,folder_order(male_count=446),201
014.Dan_Ng,13,M,folder_order(male_count=446),196
015.Dan_Trg,14,M,folder_order(male_count=446),201
016.Dang_L,15,M,folder_order(male_count=446),161
017.Dao_Ba_L,16,M,folder_order(male_count=446),219
018.De_C,17,M,folder_order(male_count=446),201
019.Don_Ng,18,M,folder_order(male_count=446),201
020.Duong_D,19,M,folder_order(male_count=446),160
021.Dustin_Phuc_Ng,20,M,folder_order(male_count=446),160
022.Duy_Kh,21,M,folder_order(male_count=446),200
023.Erik,22,M,folder_order(male_count=446),204
024.Gin_Tuan_K,23,M,folder_order(male_count=446),208
025.Ha_Anh_T,24,M,folder_order(male_count=446),209
026.Hac_Hoa_K,25,M,folder_order(male_count=446),160
027.Hamtet_Tr,26,M,folder_order(male_count=446),200
028.Ho_Quang_H,27,M,folder_order(male_count=446),201
029.Ho_Trung_D,28,M,folder_order(male_count=446),200
030.Hoai_L,29,M,folder_order(male_count=446),204
031.Hoang_Rap,30,M,folder_order(male_count=446),200
032.Huy_Tr,31,M,folder_order(male_count=446),203
033.Huynh_L,32,M,folder_order(male_count=446),202
034.Huynh_Ph,33,M,folder_order(male_count=446),204
035.Isaac,34,M,folder_order(male_count=446),201
036.Jun_Ph,35,M,folder_order(male_count=446),160
037.Justatee,36,M,folder_order(male_count=446),200
038.Kenvin_Kh,37,M,folder_order(male_count=446),201
039.KhacVi,38,M,folder_order(male_count=446),168
040.Khuong_Ng,39,M,folder_order(male_count=446),169
041.Kieu_Minh_T,40,M,folder_order(male_count=446),162
042.Kim_L,41,M,folder_order(male_count=446),168
043.L_HA,42,M,folder_order(male_count=446),161
044.Lam_Canh_T,43,M,folder_order(male_count=446),160
045.Lam_Hu,44,M,folder_order(male_count=446),173
046.Lam_Tr,45,M,folder_order(male_count=446),179
047.Lam_Vinh_H,46,M,folder_order(male_count=446),175
048.Lee_Jong_S,47,M,folder_order(male_count=446),160
049.Lee_Min_H,48,M,folder_order(male_count=446),161
050.Long_Nh,49,M,folder_order(male_count=446),181
051.Lou_Ho,50,M,folder_order(male_count=446),160
052.Luong_Bang_Q,51,M,folder_order(male_count=446),221
053.Luong_Manh_H,52,M,folder_order(male_count=446),167
054.Luong_The_Th,53,M,folder_order(male_count=446),194
055.Ly_Dich_P,54,M,folder_order(male_count=446),160
056.Mai_Tai_Ph,55,M,folder_order(male_count=446),199
057.Nam_Cuog,56,M,folder_order(male_count=446),214
058.Ngo_Diec_P,57,M,folder_order(male_count=446),160
059.Ngo_Kien_H,58,M,folder_order(male_count=446),208
060.Nguyen_Khang,59,M,folder_order(male_count=446),182
061.Nguyen_Phi_Hu,60,M,folder_order(male_count=446),161
062.Nguyen_Tran_Trung_Qu,61,M,folder_order(male_count=446),165
063.Nhan_Phuc_V,62,M,folder_order(male_count=446),162
064.Noo_Phuoc_Th,63,M,folder_order(male_count=446),160
065.Ong_Cao_Th,64,M,folder_order(male_count=446),160
066.OnlyC,65,M,folder_order(male_count=446),163
067.Pham_Hong_Ph,66,M,folder_order(male_count=446),163
068.Pham_Tr,67,M,folder_order(male_count=446),165
069.Phan_A,68,M,folder_order(male_count=446),161
070.Phan_M_Quy,69,M,folder_order(male_count=446),162
071.Quang_B,70,M,folder_order(male_count=446),202
072.Quang_Ha,71,M,folder_order(male_count=446),177
073.Quang_Tr,72,M,folder_order(male_count=446),160
074.Quy_B,73,M,folder_order(male_count=446),107
075.Rym,74,M,folder_order(male_count=446),160
076.Sky_ST,75,M,folder_order(male_count=446),185
077.Soobin_HS,76,M,folder_order(male_count=446),118
078.ST,77,M,folder_order(male_count=446),135
079.Ta_Quang_T,78,M,folder_order(male_count=446),160
080.Thai_V,79,M,folder_order(male_count=446),160
081.Thanh_D,80,M,folder_order(male_count=446),171
082.Thanh_Lo,81,M,folder_order(male_count=446),140
083.ThanhTr,82,M,folder_order(male_count=446),160
084.TIM,83,M,folder_order(male_count=446),146
085.Toulive,84,M,folder_order(male_count=446),160
086.Tran Dinh Q,85,M,folder_order(male_count=446),161
087.Tran Th,86,M,folder_order(male_count=446),153
088.Trinh_Thang_B,87,M,folder_order(male_count=446),164
089.Trong_Hie,88,M,folder_order(male_count=446),160
090.Truc_nh,89,M,folder_order(male_count=446),164
091.TrungQua,90,M,folder_order(male_count=446),163
092.TruonGNam_th,91,M,folder_order(male_count=446),160
093.TruongThe_V,92,M,folder_order(male_count=446),166
094.Tuan_Hu,93,M,folder_order(male_count=446),162
095.Tung_Dg,94,M,folder_order(male_count=446),165
096.Ung_DaiV,95,M,folder_order(male_count=446),157
097.UngHoaP,96,M,folder_order(male_count=446),168
098.V_rau,97,M,folder_order(male_count=446),123
099.Bach_Vu,98,M,folder_order(male_count=446),225
100.Banh_Vu_Yen,99,M,folder_order(male_count=446),252
101.Bosco,100,M,folder_order(male_count=446),263
102.Chau_Du_Dan,101,M,folder_order(male_count=446),228
103.Chau_Hung_Triet,102,M,folder_order(male_count=446),213
104.Chau_Kiet_Luan,103,M,folder_order(male_count=446),180
105.Chu_Chinh_Dinh,104,M,folder_order(male_count=446),340
106.Chu_Nhat_Long,105,M,folder_order(male_count=446),288
107.Chung_Han_Luong,106,M,folder_order(male_count=446),252
108.Co_Thien_Lac,107,M,folder_order(male_count=446),257
109.Dimash_Kudaibergen,108,M,folder_order(male_count=446),242
110.Duong_Duong,109,M,folder_order(male_count=446),223
111.Han_Canh,110,M,folder_order(male_count=446),265
112.Hau_Minh_Hao,111,M,folder_order(male_count=446),226
113.Ha_Quan_Truong,112,M,folder_order(male_count=446),137
114.Hoa_Than_Vu,113,M,folder_order(male_count=446),203
115.Hoang_Minh_Hao,114,M,folder_order(male_count=446),245
116.Hoang_Tu_Thao,115,M,folder_order(male_count=446),225
117.Hoac_Kien_Hoa,116,M,folder_order(male_count=446),230
118.Ho_Nhat_Thein,117,M,folder_order(male_count=446),260
119.Huynh_Hieu_Minh,118,M,folder_order(male_count=446),213
120.Huynh_Thieu_Ky,119,M,folder_order(male_count=446),249
121.Hua_Khai,120,M,folder_order(male_count=446),233
122.Hua_Nguy_Chau,121,M,folder_order(male_count=446),275
123.Jackson,122,M,folder_order(male_count=446),215
124.Jeff_Chang,123,M,folder_order(male_count=446),224
125.Karry_wang,124,M,folder_order(male_count=446),514
126.Kim_Han,125,M,folder_order(male_count=446),242
127.kris_wu,126,M,folder_order(male_count=446),167
128.La_Chi_Tuong,127,M,folder_order(male_count=446),158
129.La_Van_Hi,128,M,folder_order(male_count=446),238
130.Lai_Guan_Lin,129,M,folder_order(male_count=446),222
131.Lam_Chi_Dinh,130,M,folder_order(male_count=446),423
132.Lam_Canh_Tan,131,M,folder_order(male_count=446),196
133.Lam_Ngan_Tuan,132,M,folder_order(male_count=446),281
134.Loc_Ham,133,M,folder_order(male_count=446),256
135.Luu_Duc_Hoa,134,M,folder_order(male_count=446),251
136.Luong_Khai_Uy,135,M,folder_order(male_count=446),211
137.Luu_Hao_Nhien,136,M,folder_order(male_count=446),251
138.Luc_Nghi,137,M,folder_order(male_count=446),188
139.Ly_Dich_Phong,138,M,folder_order(male_count=446),468
140.Ly_Hien,139,M,folder_order(male_count=446),252
141.Ly_Moc_Tam,140,M,folder_order(male_count=446),149
142.Ly_Quoc_Nghi,141,M,folder_order(male_count=446),216
143.Ly_Van_Ham,142,M,folder_order(male_count=446),236
144.Mao_Tu_Tuan,143,M,folder_order(male_count=446),196
145.Ma_Gia_Ky,144,M,folder_order(male_count=446),223
146.Ma_Thien_Vu,145,M,folder_order(male_count=446),250
147.Minh_Dao,146,M,folder_order(male_count=446),172
148.Ngo_Kinh,147,M,folder_order(male_count=446),165
149.Ngo_Kinh_Thien,148,M,folder_order(male_count=446),223
150.Ngo_Ky_Long,149,M,folder_order(male_count=446),228
151.Ngo_Loi,150,M,folder_order(male_count=446),259
152.Ngo_Ton,151,M,folder_order(male_count=446),207
153.Nham_Hao,152,M,folder_order(male_count=446),172
154.Nhiep_Vien,153,M,folder_order(male_count=446),219
155.Pham_Thua_Thua,154,M,folder_order(male_count=446),217
156.Phung_Kien_Vu,155,M,folder_order(male_count=446),219
157.Phung_Thieu_Phong,156,M,folder_order(male_count=446),183
158.Quach_Pham_Sieu,157,M,folder_order(male_count=446),222
159.Quach_Tuan_Than,158,M,folder_order(male_count=446),290
160.Roy_Wang,159,M,folder_order(male_count=446),708
161.Tang_Thuan_Hy,160,M,folder_order(male_count=446),207
162.Ta_Dinh_Phong,161,M,folder_order(male_count=446),166
163.Thai_Tu_Khon,162,M,folder_order(male_count=446),155
164.Tieu_Chien,163,M,folder_order(male_count=446),260
165.Tiet_Chi_Khiem,164,M,folder_order(male_count=446),148
166.Tieu_Quy,165,M,folder_order(male_count=446),170
167.Tinh_Bach_Nhien,166,M,folder_order(male_count=446),229
168.To_Huu_Bang,167,M,folder_order(male_count=446),197
169.Tran_Phi_Vu,168,M,folder_order(male_count=446),217
170.Tran_Hieu,169,M,folder_order(male_count=446),165
171.Tran_Hoc_Dong,170,M,folder_order(male_count=446),195
172.Tran_Lap_Dong,171,M,folder_order(male_count=446),224
173.Tran_Tuong,172,M,folder_order(male_count=446),271
174.Tran_Vy_Dinh,173,M,folder_order(male_count=446),221
175.Trinh_Dinh_Ham,174,M,folder_order(male_count=446),197
176.Trinh_Nguyen_Suong,175,M,folder_order(male_count=446),174
177.Truong_Due,176,M,folder_order(male_count=446),203
178.Truong_Kiet,177,M,folder_order(male_count=446),211
179.Truong_Nghe_Hung,178,M,folder_order(male_count=446),178
180.Tu_Hai_Kieu,179,M,folder_order(male_count=446),114
181.Uong_Trac_Thanh,180,M,folder_order(male_count=446),250
182.Uong_Dong_Thanh,181,M,folder_order(male_count=446),188
183.Viem_A_Luan,182,M,folder_order(male_count=446),181
184.Vien_Hoang,183,M,folder_order(male_count=446),174
185.Vu_Ban,184,M,folder_order(male_count=446),104
186.Vu_Mong_Lung,185,M,folder_order(male_count=446),230
187.Vuong_Luc_Hoanh,186,M,folder_order(male_count=446),146
188.Vuong_Nhat_Bac,187,M,folder_order(male_count=446),182
189.Vuong_Tu,188,M,folder_order(male_count=446),189
190.Vuong_Tu_Di,189,M,folder_order(male_count=446),197
191.Winwin,190,M,folder_order(male_count=446),250
192.Dang_Luan,191,M,folder_order(male_count=446),772
193.Dang_Sieu,192,M,folder_order(male_count=446),205
194.Dinh_Trach_Nhan,193,M,folder_order(male_count=446),247
195.Aiba_Masaki,194,M,folder_order(male_count=446),124
196.Akanishi_Jin,195,M,folder_order(male_count=446),122
197.Arata_Mackenyu,196,M,folder_order(male_count=446),284
198.Chiba_Yudai,197,M,folder_order(male_count=446),204
199.Chinen_Yuuri,198,M,folder_order(male_count=446),184
200.Haruma_Miura,199,M,folder_order(male_count=446),145
201.Hayami_Mocomichi,200,M,folder_order(male_count=446),90
202.Hayashi_Kento,201,M,folder_order(male_count=446),161
203.Hideaki_Takizawa,202,M,folder_order(male_count=446),274
204.Hikaru_Yaotome,203,M,folder_order(male_count=446),115
205.Hirano_Sho,204,M,folder_order(male_count=446),170
206.Iijima_Hiroki,205,M,folder_order(male_count=446),151
207.Iwata_Takanori,206,M,folder_order(male_count=446),190
208.Kamiki_Ryunosuke,207,M,folder_order(male_count=446),133
209.Kanata_Hongo,208,M,folder_order(male_count=446),174
210.Kato_Shigeaki,209,M,folder_order(male_count=446),120
211.Katori_Shingo,210,M,folder_order(male_count=446),101
212.Ken_Miyake,211,M,folder_order(male_count=446),216
213.Kishi_Yuta,212,M,folder_order(male_count=446),143
214.Koyama_Keiichiro,213,M,folder_order(male_count=446),188
215.Mamiya_Shotaro,214,M,folder_order(male_count=446),98
216.Mamoru_Miyano,215,M,folder_order(male_count=446),153
217.marius_yo,216,M,folder_order(male_count=446),134
218.masahiro_nakai,217,M,folder_order(male_count=446),191
219.Masaki_Okada,218,M,folder_order(male_count=446),156
220.Matsuda_Shota,219,M,folder_order(male_count=446),150
221.Matsumoto_Jun,220,M,folder_order(male_count=446),93
222.Matsuyama_Kenichi,221,M,folder_order(male_count=446),97
223.Miyata_Toshiya,222,M,folder_order(male_count=446),110
224.Mizobata_Junpei,223,M,folder_order(male_count=446),104
225.Nakagawa_Taishi,224,M,folder_order(male_count=446),151
226.Nakajima_Yuto,225,M,folder_order(male_count=446),185
227.Nakamura_Reia,226,M,folder_order(male_count=446),126
228.Narimiya_Hiroki,227,M,folder_order(male_count=446),154
229.Ninomiya_Kazunari,228,M,folder_order(male_count=446),173
230.Nissy,229,M,folder_order(male_count=446),142
231.Oguri_Shun,230,M,folder_order(male_count=446),115
232.Ryo_Nishikido,231,M,folder_order(male_count=446),270
233.Ryota_Fujimaki,232,M,folder_order(male_count=446),93
234.Ryota_Katayose,233,M,folder_order(male_count=446),114
235.Sakaguchi_Kentaro,234,M,folder_order(male_count=446),147
236.Satoshi_Ohno,235,M,folder_order(male_count=446),171
237.Senga_Kento,236,M,folder_order(male_count=446),92
238.Shinjiro_Atae,237,M,folder_order(male_count=446),175
239.Suda_Masaki,238,M,folder_order(male_count=446),111
240.Takahiro_Nishijima,239,M,folder_order(male_count=446),122
241.takashi_nikaido,240,M,folder_order(male_count=446),219
242.Takasugi_Mahiro,241,M,folder_order(male_count=446),121
243.Takeru_Satoh,242,M,folder_order(male_count=446),185
244.Takeuchi_Ryoma,243,M,folder_order(male_count=446),235
245.Tanaka_Kei,244,M,folder_order(male_count=446),128
246.Ueda_Tatsu,245,M,folder_order(male_count=446),112
247.Wentz_Eiji,246,M,folder_order(male_count=446),315
248.Yoshizawa_Ryo,247,M,folder_order(male_count=446),104
249.Beast_DooJoon,248,M,folder_order(male_count=446),236
250.Beast_Gikwang,249,M,folder_order(male_count=446),203
251.Beast_Hyunseung,250,M,folder_order(male_count=446),182
252.Beast_JunHyung,251,M,folder_order(male_count=446),251
253.Beast_sondongwoon,252,M,folder_order(male_count=446),153
254.Beast_Yang_Yoseob,253,M,folder_order(male_count=446),223
255.Bigbang_Choi_Seung_Hyun,254,M,folder_order(male_count=446),310
256.Bigbang_Daesung,255,M,folder_order(male_count=446),102
257.Bigbang_G-Dragon,256,M,folder_order(male_count=446),187
258.Bigbang_Seung_Ri,257,M,folder_order(male_count=446),218
259.Bigbang_taeyang,258,M,folder_order(male_count=446),208
260.BTS.V,259,M,folder_order(male_count=446),192
261.BTS_jhope,260,M,folder_order(male_count=446),230
262.BTS_Jin,261,M,folder_order(male_count=446),186
263.BTS_Jmin,262,M,folder_order(male_count=446),176
264.BTS_Jungkook,263,M,folder_order(male_count=446),248
265.BTS_RM,264,M,folder_order(male_count=446),241
266.BTS_Suga,265,M,folder_order(male_count=446),216
267.Cnblue_Jung_Yong_Hwa,266,M,folder_order(male_count=446),132
268.Cnblue_Kang_Min_Hyuk,267,M,folder_order(male_count=446),207
269.Cnblue_Shin,268,M,folder_order(male_count=446),334
270.DBSK_JungYunho,269,M,folder_order(male_count=446),230
271.DBSK_JunSu,270,M,folder_order(male_count=446),293
272.DBSK_Parkyoochun,271,M,folder_order(male_count=446),237
273.DBSK_ShimChangMin,272,M,folder_order(male_count=446),280
274.ECO-Tao,273,M,folder_order(male_count=446),237
275.EXO-_YangYixing,274,M,folder_order(male_count=446),321
276.EXO-Baekhyun,275,M,folder_order(male_count=446),293
277.EXO-DO,276,M,folder_order(male_count=446),336
278.EXO-Kai,277,M,folder_order(male_count=446),196
279.EXO-Kriswu,278,M,folder_order(male_count=446),323
280.EXO-LuHan,279,M,folder_order(male_count=446),561
281.EXO-Suho,280,M,folder_order(male_count=446),231
282.EXO-xiumin,281,M,folder_order(male_count=446),209
283.EXO_baekhyunee,282,M,folder_order(male_count=446),150
284.EXO_ChanYeol,283,M,folder_order(male_count=446),260
285.EXO_Chen,284,M,folder_order(male_count=446),259
286.EXO_Ohsehoon,285,M,folder_order(male_count=446),230
287.GOT7_choi_Youngjae,286,M,folder_order(male_count=446),176
288.GOT7_JB,287,M,folder_order(male_count=446),260
289.GOT7_Jinyoung,288,M,folder_order(male_count=446),268
290.GOT7_Kim_Yugyeom,289,M,folder_order(male_count=446),137
291.IKON_BI,290,M,folder_order(male_count=446),231
292.IKON_Bobby,291,M,folder_order(male_count=446),245
293.IKON_JungChanWoo,292,M,folder_order(male_count=446),287
294.IKON_Kim_Dong_Hyuk,293,M,folder_order(male_count=446),235
295.IKON_Kimjinhwan,294,M,folder_order(male_count=446),144
296.IKON_KooJunHoe,295,M,folder_order(male_count=446),211
297.IKON_SongYunHyeong,296,M,folder_order(male_count=446),218
298.Jaypark,297,M,folder_order(male_count=446),258
299.kim_jong_kook-Kim_Jong_Kook_files,298,M,folder_order(male_count=446),137
300.KimBum,299,M,folder_order(male_count=446),166
301.LeeMinHo,300,M,folder_order(male_count=446),162
302.NUEST_Aron,301,M,folder_order(male_count=446),282
303.Nuest_Hwang_Minhyun,302,M,folder_order(male_count=446),359
304.NUEST_KangDongho,303,M,folder_order(male_count=446),267
305.Nuest_KimjongHyun,304,M,folder_order(male_count=446),134
306.Nuest_Ren,305,M,folder_order(male_count=446),154
307.seventeen_Beanie_Wonwoo,306,M,folder_order(male_count=446),210
308.Seventeen_Dino,307,M,folder_order(male_count=446),214
309.seventeen_DK,308,M,folder_order(male_count=446),226
310.Seventeen_Hoshi,309,M,folder_order(male_count=446),238
311.Seventeen_jeonghan,310,M,folder_order(male_count=446),252
312.Seventeen_Jerry_JUN,311,M,folder_order(male_count=446),192
313.seventeen_joshua_-_Hong_Jisoo,312,M,folder_order(male_count=446),247
314.Seventeen_Lilas_JiHoon,313,M,folder_order(male_count=446),275
315.Seventeen_MinGyu,314,M,folder_order(male_count=446),352
316.seventeen_Scoup,315,M,folder_order(male_count=446),386
317.Seventeen_seungkwan,316,M,folder_order(male_count=446),446
318.Seventeen_venon,317,M,folder_order(male_count=446),244
319.Shinee_choiMinHo,318,M,folder_order(male_count=446),300
320.Shinee_key,319,M,folder_order(male_count=446),351
321.Shinee_KimJongHyun,320,M,folder_order(male_count=446),235
322.Shinee_leetaemin,321,M,folder_order(male_count=446),255
323.Shinee_onew,322,M,folder_order(male_count=446),335
324.Song_Joong_Ki,323,M,folder_order(male_count=446),282
325.Suju_ChoiSiWon,324,M,folder_order(male_count=446),340
326.Suju_eunhyuk,325,M,folder_order(male_count=446),206
327.Suju_HanGeng,326,M,folder_order(male_count=446),395
328.Suju_jesung,327,M,folder_order(male_count=446),102
329.Suju_Kangin,328,M,folder_order(male_count=446),307
330.Suju_kimheechul,329,M,folder_order(male_count=446),126
331.Suju_kyuhyun,330,M,folder_order(male_count=446),218
332.suju_Lee_Sungmin,331,M,folder_order(male_count=446),280
333.Suju_leeDonghae,332,M,folder_order(male_count=446),336
334.Suju_leeteuk,333,M,folder_order(male_count=446),229
335.Suju_RyeoWook,334,M,folder_order(male_count=446),233
336.Suju_ShinDong,335,M,folder_order(male_count=446),161
337.Wannaone_joonjisung,336,M,folder_order(male_count=446),269
338.Wannaone_LeeDaehwi,337,M,folder_order(male_count=446),303
339.Wannaone_Ong_SeongWo,338,M,folder_order(male_count=446),293
340.Wannaone_Park_Jihoon,339,M,folder_order(male_count=446),241
341.Wannaone_parkwoojin,340,M,folder_order(male_count=446),296
342.Wannaone_Sungwoon,341,M,folder_order(male_count=446),383
343.Wannna_one_Daniel,342,M,folder_order(male_count=446),459
344.Wannnaone_Jinyoung,343,M,folder_order(male_count=446),390
345.Wannnaone_Kimjaewan,344,M,folder_order(male_count=446),296
346.zhoumi,345,M,folder_order(male_count=446),267
347.A_Nan_Da_E_Woe_Ring_Haem,346,M,folder_order(male_count=446),206
348.AenNa_ChuanChuen,347,M,folder_order(male_count=446),292
349.Ak_Phan_Na_Mat,348,M,folder_order(male_count=446),290
350.Akarat_Nimitchai,349,M,folder_order(male_count=446),202
351.Alek_Teeradetch,350,M,folder_order(male_count=446),228
352.Ana_Chindachot,351,M,folder_order(male_count=446),238
353.Anuchyd_Sapanphong,352,M,folder_order(male_count=446),179
354.apassin_family,353,M,folder_order(male_count=446),192
355.Athit_Tang_Wibun_Phanit,354,M,folder_order(male_count=446),239
356.Atichart_Chumnanont,355,M,folder_order(male_count=446),242
357.Atsadawut_Lueang_Sunthon,356,M,folder_order(male_count=446),194
358.August_Vachiravit,357,M,folder_order(male_count=446),192
359.Bhuripat_Vejvongsatechavat,358,M,folder_order(male_count=446),255
360.Chaet_Chuanchuen,359,M,folder_order(male_count=446),249
361.Chaiya_Mitchai,360,M,folder_order(male_count=446),277
362.Chakhrit_Yaemnam,361,M,folder_order(male_count=446),235
363.Chakkrin_Phuriphat,362,M,folder_order(male_count=446),248
364.Chanthawitcha_Thanasewi,363,M,folder_order(male_count=446),234
365.ChatChai_Plengphanit,364,M,folder_order(male_count=446),244
366.Chaturong_Photharam,365,M,folder_order(male_count=446),230
367.Chem_Atsaratkon,366,M,folder_order(male_count=446),272
368.Chetsadaphon_Phondi,367,M,folder_order(male_count=446),259
369.Chirayu_Laongmani,368,M,folder_order(male_count=446),257
370.Chirayu_Tangsisuk,369,M,folder_order(male_count=446),201
371.Chirayu_Tantrakun,370,M,folder_order(male_count=446),254
372.Chonni_Aenfone,371,M,folder_order(male_count=446),201
373.Chuthawutthi_Phatkamphon,372,M,folder_order(male_count=446),222
374.Danai_SamutKhochon,373,M,folder_order(male_count=446),223
375.Gunnapat_Injaiuea,374,M,folder_order(male_count=446),263
376.Intad_Leowrakwong,375,M,folder_order(male_count=446),216
377.Kan_Kantathawon,376,M,folder_order(male_count=446),275
378.Kanchai_Kamnoetphloi,377,M,folder_order(male_count=446),190
379.Ketsepsawat_Pankawong_Na_Ayutthaya,378,M,folder_order(male_count=446),232
380.Khachapha_Tancharoen,379,M,folder_order(male_count=446),175
381.Khanin_Sataenli,380,M,folder_order(male_count=446),251
382.Khaosai_Kaelaeksi,381,M,folder_order(male_count=446),225
383.Khet_Thanthap,382,M,folder_order(male_count=446),166
384.Khleli_Thanaphat,383,M,folder_order(male_count=446),183
385.Khom_Chuanchuen,384,M,folder_order(male_count=446),174
386.Khongkaphan_Saengsuriya,385,M,folder_order(male_count=446),248
387.Kiattisak_Udomnak,386,M,folder_order(male_count=446),234
388.Kosin_Ratkrom,387,M,folder_order(male_count=446),207
389.KoTi_AramBoi,388,M,folder_order(male_count=446),192
390.Lui_Sakot,389,M,folder_order(male_count=446),237
391.Mario_Maurer,390,M,folder_order(male_count=446),198
392.Methani_BuranaSiri,391,M,folder_order(male_count=446),210
393.Na_Ta_Phong_Chat_Phong,392,M,folder_order(male_count=446),236
394.Na_Wat_Kun_Rattana_Rak,393,M,folder_order(male_count=446),235
395.NaDet_Khu_Ki_Mi_Ya,394,M,folder_order(male_count=446),248
396.Nakorn_Silachai,395,M,folder_order(male_count=446),122
397.NaPhat_Siang_Sombun,396,M,folder_order(male_count=446),202
398.Nat_Thio_PhaiNgam,397,M,folder_order(male_count=446),245
399.Nattha_Rat_Mo_Rit_Loe_Krong,398,M,folder_order(male_count=446),181
400.Nattha_Wutthi_Sakit_Chai,399,M,folder_order(male_count=446),286
401.Nithi_Samutkhochon,400,M,folder_order(male_count=446),201
402.Pachara_Marcel_Chirathivat,401,M,folder_order(male_count=446),150
403.Pakorn_Chatborirak,402,M,folder_order(male_count=446),196
404.Pakorn_Lam,403,M,folder_order(male_count=446),188
405.Palangtham_Kromthongsuk,404,M,folder_order(male_count=446),112
406.Panuwat_Kerdthongtavee,405,M,folder_order(male_count=446),228
407.Peter_Corp_Dyrendal,406,M,folder_order(male_count=446),148
408.Phakhin_Khamwilaisak,407,M,folder_order(male_count=446),252
409.Phasut_Banyaem,408,M,folder_order(male_count=446),232
410.Phongkrit_Siribencha,409,M,folder_order(male_count=446),233
411.Phumchai_Tang_Sa_nga,410,M,folder_order(male_count=446),207
412.Phupoom_Pongpanupak,411,M,folder_order(male_count=446),212
413.Pichaya_Nitipaisankul,412,M,folder_order(male_count=446),214
414.Pirat_Nitipaisalkul,413,M,folder_order(male_count=446),116
415.Pisanu_Nimsakul,414,M,folder_order(male_count=446),224
416.Pollapakk_Watcharaphonghiran,415,M,folder_order(male_count=446),171
417.Pongsakon_Mettarikanon,416,M,folder_order(male_count=446),274
418.Prama_Inanothai,417,M,folder_order(male_count=446),230
419.Prin_Suparat,418,M,folder_order(male_count=446),214
420.Pronpiphat_Pattanasettanon,419,M,folder_order(male_count=446),243
421.RatsamiKhae_Fa_Kuea_Lon,420,M,folder_order(male_count=446),172
422.Rattapoom_Tokongsup,421,M,folder_order(male_count=446),187
423.San_Ni_Suwan_Metha_Non,422,M,folder_order(male_count=446),297
424.Ta_Noppha_Phli_Rattana_Khachon,423,M,folder_order(male_count=446),243
425.Thakun_Kanthip,424,M,folder_order(male_count=446),273
426.Thana_A_Cha_Ri_Yang_Kun,425,M,folder_order(male_count=446),197
427.Thana_Chat_Borirak,426,M,folder_order(male_count=446),150
428.Thana_Kon_Posa_Ya_Non,427,M,folder_order(male_count=446),283
429.Thara_Thipha,428,M,folder_order(male_count=446),215
430.That_Cha_Kon_Yi_Ram,429,M,folder_order(male_count=446),254
431.That_Na_Takua_Thung,430,M,folder_order(male_count=446),262
432.Thi_Rot_Naya_Suppha_Phan_Phinyo,431,M,folder_order(male_count=446),213
433.Thi_That_Chanya_Siri_Kun,432,M,folder_order(male_count=446),251
434.Thiti_Nan_Su_WanSak,433,M,folder_order(male_count=446),267
435.Thon_Krit_Pha_Nit_Wit,434,M,folder_order(male_count=446),268
436.Thon_Phon_Nim_Thai_Suk,435,M,folder_order(male_count=446),270
437.Thon_Wat_Watthana_Phuti,436,M,folder_order(male_count=446),283
438.Vorarit_Fueangarom,437,M,folder_order(male_count=446),173
439.Wa_Rue_Di_Siri_San_Thana,438,M,folder_order(male_count=446),190
440.Wara_Kon_Sa_Sakon,439,M,folder_order(male_count=446),222
441.Warin_Thon_Pan_Kan,440,M,folder_order(male_count=446),249
442.Warit_Thip_Komut,441,M,folder_order(male_count=446),204
443.Warodom_Khemmontha,442,M,folder_order(male_count=446),272
444.Wongsakon_Prom_Tatha_Kon,443,M,folder_order(male_count=446),265
445.Wutthi_Thon_Mi_Lin_Ta_Chinda,444,M,folder_order(male_count=446),293
446.Yong_Sin_Wong_Phanit_Non,445,M,folder_order(male_count=446),157
447.Amber,446,F,folder_order(male_count=446),160
448.Angela_Ba,447,F,folder_order(male_count=446),160
449.Cao_Ng,448,F,folder_order(male_count=446),140
450.Cao_Thien_Tr,449,F,folder_order(male_count=446),146
451.Cha_Mi,450,F,folder_order(male_count=446),140
452.Chau_B,451,F,folder_order(male_count=446),172
453.Dich_Le_Nhiet,452,F,folder_order(male_count=446),160
454.Do_My_L,453,F,folder_order(male_count=446),200
455.Duong_M,454,F,folder_order(male_count=446),160
456.Gil_L,455,F,folder_order(male_count=446),160
457.Go_Joon_H,456,F,folder_order(male_count=446),160
458.H_Hen_N,457,F,folder_order(male_count=446),146
459.Hang_Ng,458,F,folder_order(male_count=446),140
460.IU,459,F,folder_order(male_count=446),160
461.Khong_Tu_Qu,460,F,folder_order(male_count=446),112
462.Kieu_Tr,461,F,folder_order(male_count=446),165
463.Kim_Hye_S,462,F,folder_order(male_count=446),160
464.Kim_Ji_W,463,F,folder_order(male_count=446),160
465.Kim_Ng,464,F,folder_order(male_count=446),200
466.Kim_Nh,465,F,folder_order(male_count=446),146
467.Kim_Ph,466,F,folder_order(male_count=446),161
468.Kim_So_H,467,F,folder_order(male_count=446),160
469.Kim_Yoo_J,468,F,folder_order(male_count=446),160
470.La_Thanh_H,469,F,folder_order(male_count=446),160
471.Lan_Kh,470,F,folder_order(male_count=446),182
472.Le_Cat_Trong_L,471,F,folder_order(male_count=446),160
473.Le_Ph,472,F,folder_order(male_count=446),201
474.Le_Thanh_Th,473,F,folder_order(male_count=446),143
475.Luu-Diec_P,474,F,folder_order(male_count=446),160
476.Ly_Nha_K,475,F,folder_order(male_count=446),179
477.Mai_H,476,F,folder_order(male_count=446),141
478.Mai_Ng,477,F,folder_order(male_count=446),174
479.Mau_Thanh_Th,478,F,folder_order(male_count=446),179
480.Mid_Ng,479,F,folder_order(male_count=446),203
481.Minh_H,480,F,folder_order(male_count=446),206
482.Minh_Tr,481,F,folder_order(male_count=446),160
483.Minh_T,482,F,folder_order(male_count=446),201
484.Miu_L,483,F,folder_order(male_count=446),142
485.My_T,484,F,folder_order(male_count=446),140
486.Ngo_Thanh_V,485,F,folder_order(male_count=446),160
487.Ngoc_Qu,486,F,folder_order(male_count=446),160
488.Nguyen_Thi_Tram,487,F,folder_order(male_count=446),201
489.Pham_H,488,F,folder_order(male_count=446),170
490.Pham_My_L,489,F,folder_order(male_count=446),160
491.Pham_Thanh_H,490,F,folder_order(male_count=446),180
492.Quynh_Anh_Sh,491,F,folder_order(male_count=446),192
493.Suzy,492,F,folder_order(male_count=446),159
494.Tam_T,493,F,folder_order(male_count=446),166
495.Thu_M,494,F,folder_order(male_count=446),160
496.Thu_Tr,495,F,folder_order(male_count=446),162
497.Thuy_H,496,F,folder_order(male_count=446),160
498.Toc_T,497,F,folder_order(male_count=446),160
499.Tran_Kieu_A,498,F,folder_order(male_count=446),160
500.Trang_K,499,F,folder_order(male_count=446),160
501.Trang_Ph,500,F,folder_order(male_count=446),140
502.Trieu_Le_D,501,F,folder_order(male_count=446),126
503.Truong_Quynh_A,502,F,folder_order(male_count=446),165
504.Tu_H,503,F,folder_order(male_count=446),216
505.Uyen_L,504,F,folder_order(male_count=446),175
506.Van_h,505,F,folder_order(male_count=446),160
507.Van_Mai_H,506,F,folder_order(male_count=446),161
508.Viet_H,507,F,folder_order(male_count=446),163
509.Vo_Hoang_Y,508,F,folder_order(male_count=446),200
510.Vu_Cat_T,509,F,folder_order(male_count=446),165
511.Xa_Thi_M,510,F,folder_order(male_count=446),161
512.Yen_Nhi_H,511,F,folder_order(male_count=446),140
513.Amber_Chia,512,F,folder_order(male_count=446),152
514.Angelababy,513,F,folder_order(male_count=446),117
515.Au_Duong_Na_Na,514,F,folder_order(male_count=446),113
516.Banh_Tieu_Diem,515,F,folder_order(male_count=446),139
517.Bach_Bang,516,F,folder_order(male_count=446),102
518.CandyWang,517,F,folder_order(male_count=446),95
519.Chau_Tan,518,F,folder_order(male_count=446),140
520.Chu_But_Suong,519,F,folder_order(male_count=446),149
521.Chung_Han_Dong,520,F,folder_order(male_count=446),135
522.Co_Luc_Na_Trac,521,F,folder_order(male_count=446),143
523.Duan_Ao_Juan,522,F,folder_order(male_count=446),167
524.Duong_Mich,523,F,folder_order(male_count=446),101
525.Duong_Tu,524,F,folder_order(male_count=446),165
526.Emmie_Ries,525,F,folder_order(male_count=446),114
527.Giang_So_Anh,526,F,folder_order(male_count=446),142
528.Ha_Trac_Ngon,527,F,folder_order(male_count=446),108
529.Hoang_Dinh_Dinh,528,F,folder_order(male_count=446),120
530.Ho_Dinh_Han,529,F,folder_order(male_count=446),139
531.Huynh_Thanh_Y,530,F,folder_order(male_count=446),144
532.Jasmine_Soo,531,F,folder_order(male_count=446),101
533.Katy,532,F,folder_order(male_count=446),107
534.Khuong_Tu_Tan,533,F,folder_order(male_count=446),156
535.Laure_Huang,534,F,folder_order(male_count=446),94
536.Lam_Y_Than,535,F,folder_order(male_count=446),138
537.leila,536,F,folder_order(male_count=446),143
538.Liya_Wang,537,F,folder_order(male_count=446),144
539.Luu_Thi_Thi,538,F,folder_order(male_count=446),313
540.Ly_Bang_Bang,539,F,folder_order(male_count=446),149
541.Ly_Nghe_Dong,540,F,folder_order(male_count=446),94
542.Ly_Tham,541,F,folder_order(male_count=446),146
543.Ly_Vu_Xuan,542,F,folder_order(male_count=446),168
544.Manh_My_Ky,543,F,folder_order(male_count=446),134
545.Ngo_Tuyen_Nghi,544,F,folder_order(male_count=446),100
546.Ngo_Can_Ngon,545,F,folder_order(male_count=446),196
547.Ngo_Tuyen_Nghi,546,F,folder_order(male_count=446),173
548.Pham_Bang_Bang,547,F,folder_order(male_count=446),94
549.Pho_Tinh,548,F,folder_order(male_count=446),102
550.Pink_Yang,549,F,folder_order(male_count=446),91
551.rose_chan,550,F,folder_order(male_count=446),108
552.Sammy,551,F,folder_order(male_count=446),165
553.Sunnee,552,F,folder_order(male_count=446),204
554.Tan_Lam,553,F,folder_order(male_count=446),168
555.Ta_Na,554,F,folder_order(male_count=446),150
556.Thu_Suong,555,F,folder_order(male_count=446),182
557.Ton_Le,556,F,folder_order(male_count=446),169
558.Tran_Hao,557,F,folder_order(male_count=446),105
559.Tran_Kieu_An,558,F,folder_order(male_count=446),245
560.Tran_Ngoc_Ky,559,F,folder_order(male_count=446),184
561.Trieu_Le_Dinh,560,F,folder_order(male_count=446),155
562.Trinh_Tieu_Tieu,561,F,folder_order(male_count=446),94
563.Truong_Ham_Van,562,F,folder_order(male_count=446),148
564.Truong_Hinh_Du,563,F,folder_order(male_count=446),165
565.Truong_Luong_Dinh,564,F,folder_order(male_count=446),110
566.Truong_Quan_Ninh,565,F,folder_order(male_count=446),147
567.Vuong_Di_Nhan,566,F,folder_order(male_count=446),105
568.Willson_Tina,567,F,folder_order(male_count=446),116
569.Dich_Le_Nhiet_Ba,568,F,folder_order(male_count=446),116
570.Dong_Khiet,569,F,folder_order(male_count=446),140
571.Phuong_Hinh,570,F,folder_order(male_count=446),158
572.Lam_Bach_Du,571,F,folder_order(male_count=446),133
573.Nham_Gia_Huyen,572,F,folder_order(male_count=446),105
574.Tomoyo_Kurosawa,573,F,folder_order(male_count=446),117
575.CHERISHitomi,574,F,folder_order(male_count=446),112
576.goto_moe,575,F,folder_order(male_count=446),135
577.Homma_Hinata,576,F,folder_order(male_count=446),111
578.Kitagawa_Ryoha,577,F,folder_order(male_count=446),100
579.Kodama_Haruka,578,F,folder_order(male_count=446),108
580.Kojima_Haruna,579,F,folder_order(male_count=446),109
581.Kubo_Satone,580,F,folder_order(male_count=446),90
582.Luna_Amemiya,581,F,folder_order(male_count=446),140
583.Maeda_Atsuko,582,F,folder_order(male_count=446),147
584.Miyabi_Natsuyaki,583,F,folder_order(male_count=446),111
585.Miyawaki_Sakura,584,F,folder_order(male_count=446),161
586.moeno_azuki,585,F,folder_order(male_count=446),92
587.Nagano_mei,586,F,folder_order(male_count=446),110
588.Nakano_Ikumi,587,F,folder_order(male_count=446),100
589.Nishikawa_Rei,588,F,folder_order(male_count=446),106
590.Oguri_Yui,589,F,folder_order(male_count=446),122
591.Okada_Nana,590,F,folder_order(male_count=446),136
592.Oshima_Yuko,591,F,folder_order(male_count=446),119
593.Risako_Sugaya,592,F,folder_order(male_count=446),140
594.Sasaki_Yukari,593,F,folder_order(male_count=446),99
595.Takahashi_Minami,594,F,folder_order(male_count=446),117
596.Takeuchi_Miyu,595,F,folder_order(male_count=446),121
597.Taniguchi_Megu,596,F,folder_order(male_count=446),98
598.Tsugunaga_Momoko,597,F,folder_order(male_count=446),204
599.Watanabe_Miyuki,598,F,folder_order(male_count=446),91
600.Yabuki_Nako,599,F,folder_order(male_count=446),100
601.Yamada_Nanami,600,F,folder_order(male_count=446),179
602.Yamaguchi_Maho,601,F,folder_order(male_count=446),113
603.Yamamoto_Sayaka,602,F,folder_order(male_count=446),119
604.yana_taira,603,F,folder_order(male_count=446),107
605.Yokoyama_Yui,604,F,folder_order(male_count=446),124
606.yui_hatano,605,F,folder_order(male_count=446),100
607.2NE1_CL,606,F,folder_order(male_count=446),98
608.aGfriend_yerin,607,F,folder_order(male_count=446),191
609.Apink_bomi,608,F,folder_order(male_count=446),125
610.Apink_chorong,609,F,folder_order(male_count=446),94
611.Apink_Jung_Eun_Ji,610,F,folder_order(male_count=446),118
612.Apink_son_Naeun,611,F,folder_order(male_count=446),110
613.blackpink_Lisa,612,F,folder_order(male_count=446),100
614.DoDuckie,613,F,folder_order(male_count=446),95
615.Exid_Le,614,F,folder_order(male_count=446),124
616.Fx_choisulli,615,F,folder_order(male_count=446),162
617.IU,616,F,folder_order(male_count=446),143
618.Jung_Chaeyeon,617,F,folder_order(male_count=446),129
619.Miracle_Soul,618,F,folder_order(male_count=446),153
620.MissA_bae_suzy,619,F,folder_order(male_count=446),189
621.Momoland_Daisy,620,F,folder_order(male_count=446),242
622.Momoland_Jane,621,F,folder_order(male_count=446),126
623.Momoland_Lee_Ah,622,F,folder_order(male_count=446),137
624.Momoland_Lee_Hyebin,623,F,folder_order(male_count=446),128
625.Momoland_Yeonwoo,624,F,folder_order(male_count=446),173
626.Nam_Ji_Hyun,625,F,folder_order(male_count=446),92
627.Nine_Muses_-_Park_Kyung_Ri,626,F,folder_order(male_count=446),172
628.Ohmygirl_arin,627,F,folder_order(male_count=446),123
629.Red_Velvet_Irene,628,F,folder_order(male_count=446),110
630.SNSD_seohyun,629,F,folder_order(male_count=446),119
631.Sohee,630,F,folder_order(male_count=446),132
632.T-ARA_Qri,631,F,folder_order(male_count=446),126
633.tara_areum,632,F,folder_order(male_count=446),112
634.Tara_boram,633,F,folder_order(male_count=446),108
635.Tara_Hana,634,F,folder_order(male_count=446),98
636.Tara_hyomin,635,F,folder_order(male_count=446),129
637.Tara_Soyeon,636,F,folder_order(male_count=446),216
638.twice_chaeyuong,637,F,folder_order(male_count=446),169
639.twice_hyo,638,F,folder_order(male_count=446),90
640.Twice_Nayeon,639,F,folder_order(male_count=446),152
641.twice_yeon,640,F,folder_order(male_count=446),142
642.Ann_Ann_ThongPrasom_B21,641,F,folder_order(male_count=446),129
643.Aokbab_Chutimon_Chuengcharoensukying,642,F,folder_order(male_count=446),141
644.Aum_Lukkana_Amitsun_B2,643,F,folder_order(male_count=446),119
645.Aum_Patcharapa_Chaichua,644,F,folder_order(male_count=446),178
646.Baifern_Pimchanok_Luevisadpaibul,645,F,folder_order(male_count=446),102
647.BaiToei_Suthiwan_Thawisin_B4,646,F,folder_order(male_count=446),121
648.Bee_Namtip_Chongratchatawibun,647,F,folder_order(male_count=446),142
649.Bella_Ranee_Campen,648,F,folder_order(male_count=446),211
650.boompanadda_Panadda,649,F,folder_order(male_count=446),157
651.bright,650,F,folder_order(male_count=446),130
652.Cha_Nongpani_Mahatthai,651,F,folder_order(male_count=446),169
653.Cherprang_Cherprang_areekul,652,F,folder_order(male_count=446),105
654.Chery_Khemapson_Sirisukha,653,F,folder_order(male_count=446),170
655.CHICHA_AMATAYAKUL,654,F,folder_order(male_count=446),121
656.Chompoo_Araya_Alberta_Hargate,655,F,folder_order(male_count=446),176
657.Chompoo_Thanasita_Suwatcharathanakit,656,F,folder_order(male_count=446),164
658.daendorphine,657,F,folder_order(male_count=446),175
659.Esther_Esther_Supreeleela_B13,658,F,folder_order(male_count=446),105
660.fangfang,659,F,folder_order(male_count=446),96
661.fangpitchaya_Pitchaya,660,F,folder_order(male_count=446),263
662.focusbabyhippo,661,F,folder_order(male_count=446),96
663.Gam_Wichayanee_Piaklin_B5,662,F,folder_order(male_count=446),165
664.Grace_Kanklao_Duaisianklao,663,F,folder_order(male_count=446),141
665.gubgib,664,F,folder_order(male_count=446),132
666.Ice_Apitsada_Khrueakhongkha_B6,665,F,folder_order(male_count=446),146
667.Ice_Preechaya_Pongthananikorn,666,F,folder_order(male_count=446),135
668.Jakjaan_Akhamsiri_Suwanasuk_B29,667,F,folder_order(male_count=446),187
669.janienineeleven,668,F,folder_order(male_count=446),127
670.Jennis_Jennis_Oprasert,669,F,folder_order(male_count=446),102
671.Jiew_Piyanut_Sueachongphru,670,F,folder_order(male_count=446),114
672.June_Plearnpichaya_Komalarajun_B26,671,F,folder_order(male_count=446),136
673.Junji_Junjira_Chanphithakchai_B22,672,F,folder_order(male_count=446),178
674.Kao_Supassra_Thanachat,673,F,folder_order(male_count=446),98
675.Kaykai_Natthathicha_Namwong_B9,674,F,folder_order(male_count=446),96
676.kikmayurin,675,F,folder_order(male_count=446),145
677.Kimberley_Aen_Thiamsiri,676,F,folder_order(male_count=446),153
678.Kwan_Usamanee,677,F,folder_order(male_count=446),119
679.Lydia_Sarunrat_Deane_B15,678,F,folder_order(male_count=446),131
680.Mai_Davika_Hoorne,679,F,folder_order(male_count=446),182
681.Margie_Balenciaga,680,F,folder_order(male_count=446),106
682.Mew_Nittha_Chirayangyuen,681,F,folder_order(male_count=446),97
683.Mewnich_Nannaphas_B3,682,F,folder_order(male_count=446),113
684.Mint_Chalida_Wichitwongthong,683,F,folder_order(male_count=446),176
685.Mod_Napaphat_Watthanakamonwutthi,684,F,folder_order(male_count=446),113
686.Mook_Mookda_Narinrak_B1,685,F,folder_order(male_count=446),164
687.New_Naphatson_Phuthonchai,686,F,folder_order(male_count=446),90
688.noeychotika,687,F,folder_order(male_count=446),162
689.nuneworanuch,688,F,folder_order(male_count=446),132
690.pakkaramai,689,F,folder_order(male_count=446),133
691.pang_ornjira,690,F,folder_order(male_count=446),124
692.Patida_Kamnerdploy,691,F,folder_order(male_count=446),150
693.Patt_Napapa,692,F,folder_order(male_count=446),112
694.Pexky_Sretunya,693,F,folder_order(male_count=446),198
695.Ploy_Chermarn_Boonyasak,694,F,folder_order(male_count=446),142
696.Pokchat_Thiamchai,695,F,folder_order(male_count=446),146
697.Pu_Praiya_Suandokmai,696,F,folder_order(male_count=446),163
698.rachwinwong,697,F,folder_order(male_count=446),200
699.realyingrhatha,698,F,folder_order(male_count=446),148
700.Saimai_Sricharoon,699,F,folder_order(male_count=446),157
701.Sririta_Jensen,700,F,folder_order(male_count=446),90
702.Taengmo_Nida_Phatcharawiraphong_B14,701,F,folder_order(male_count=446),161
703.Taew_Natapohn_Tameeruks,702,F,folder_order(male_count=446),203
704.Tak_Bongkod_Bencharongkul,703,F,folder_order(male_count=446),119
705.Tubtim_Mallika_Chongwatthana_B7,704,F,folder_order(male_count=446),125
706.Tuck_Siriphon_Yuyot_B10,705,F,folder_order(male_count=446),139
707.tukky,706,F,folder_order(male_count=446),138
708.Varitthisa_Limthammahisorn_B30,707,F,folder_order(male_count=446),103
709.wichudapindum,708,F,folder_order(male_count=446),140
710.wjmild,709,F,folder_order(male_count=446),100
711.Woonsen_Wirithipha_Phakdiprasong,710,F,folder_order(male_count=446),134
712.Yam_Tantiprasut,711,F,folder_order(male_count=446),115
713.Yaya_Urassayas_Sapoban,712,F,folder_order(male_count=446),172
